,State,Days,Mortality
0,CA,12.0,0.022075974675108297
1,FL,10.0,0.016556291390728478
2,GA,12.0,0.03155547933459098
3,IL,10.0,0.02358490566037736
4,LA,11.0,0.03593279595998835
5,MA,9.0,0.018457988848298405
6,MI,9.0,0.03758631512868801
7,NJ,7.0,0.021608964709817696
8,NY,5.0,0.02849874255974055
9,PA,10.0,0.011901983663943991
10,TX,12.0,0.017439832577607256
11,WA,18.0,0.04250657318141981
