,Country,Days,Mortality
0,US,11.0,0.025716110397480278
1,China,10.0,0.040309776878234414
2,Italy,12.0,0.1225182972118137
3,UK,13.0,0.09333402259040037
4,Germany,12.0,0.013986550971379677
5,Spain,10.0,0.09394374113876794
6,Canada,15.0,0.014392538393503256
7,France,13.0,0.09999693260942916
8,Turkey,9.0,0.020314516514506956
9,Switzerland,14.0,0.030143833520350913
10,Belgium,16.0,0.06815742397137746
11,Netherlands,18.0,0.09417862334871374
12,Austria,18.0,0.014578271433530025
